{
  "colors" : [
    {
      "color" : {
        "platform" : "universal",
        "reference" : "systemTealColor"
      },
      "idiom" : "universal"
    },
    {
      "appearances" : [
        {
          "appearance" : "luminosity",
          "value" : "dark"
        }
      ],
      "color" : {
        "color-space" : "extended-srgb",
        "components" : {
          "alpha" : "1.000",
          "blue" : "0.640",
          "green" : "0.775",
          "red" : "0.186"
        }
      },
      "idiom" : "universal"
    },
    {
      "appearances" : [
        {
          "appearance" : "contrast",
          "value" : "high"
        }
      ],
      "color" : {
        "platform" : "ios",
        "reference" : "darkTextColor"
      },
      "idiom" : "universal"
    },
    {
      "appearances" : [
        {
          "appearance" : "luminosity",
          "value" : "dark"
        },
        {
          "appearance" : "contrast",
          "value" : "high"
        }
      ],
      "color" : {
        "color-space" : "extended-srgb",
        "components" : {
          "alpha" : "1.000",
          "blue" : "0.640",
          "green" : "0.775",
          "red" : "0.186"
        }
      },
      "idiom" : "universal"
    }
  ],
  "info" : {
    "author" : "xcode",
    "version" : 1
  }
}
